{"accuracy": [0.3333333432674408,
  0.46000000834465027,
  0.653333306312561,
  0.7733333110809326,
  0.8677777647972107,
  0.8755555748939514,
  0.9166666865348816,
  0.9300000071525574,
  0.9366666674613953,
  0.9266666769981384],
 "loss": [1.2612189054489136,
  1.0229754447937012,
  0.7421963214874268,
  0.49367257952690125,
  0.33602437376976013,
  0.32977885007858276,
  0.21793898940086365,
  0.176680326461792,
  0.1711171418428421,
  0.1982935070991516],
 "val_accuracy": [0.596666693687439,
  0.6466666460037231,
  0.6399999856948853,
  0.8433333039283752,
  0.8399999737739563,
  0.8999999761581421,
  0.9066666960716248,
  0.9166666865348816,
  0.8399999737739563,
  0.9599999785423279],
 "val_loss": [1.0792406797409058,
  0.8475539684295654,
  0.6814207434654236,
  0.3540242314338684,
  0.3646739423274994,
  0.2361954003572464,
  0.222209170460701,
  0.21229270100593567,
  0.4553646445274353,
  0.11740502715110779]}